rating,count,median,mean,std
1,205790,11.0,45.718465425919625,87.23725124681195
2,136168,12.0,52.99974296457317,100.44976418899785
3,228272,11.0,50.308750087614776,105.52059641418688
4,520339,9.0,48.357370867838085,110.0485760623647
5,1909431,7.0,31.474498423876014,76.98655710517303
