rating,count,mean,median,std
1,205790,-0.11096634919092278,0.0,0.4783108368570277
2,136168,0.04008433185476764,0.0,0.49788667318442437
3,228272,0.22862319163103667,0.2023,0.4642221602198701
4,520339,0.4422219656800663,0.4678,0.4001681049073679
5,1909431,0.49432534666086386,0.6249,0.37250625675522225
